Label (1 = gold standard, 0 = negative)	Chromosome	Start	End	E003-H3K4me1.pval.signal.bigwig_mean	data/gc19_pc.prom.nr.bed_overlap	data/gc19_pc.3utr.nr.bed_overlap	data/gc19_pc.5utr.nr.bed_overlap	data/gc19_pc.cds.nr.bed_overlap	data/gc19_pc.ss.nr.bed_overlap	data/sensitive.nc.bed_overlap	data/ultra.conserved.hg19.bed_overlap	data/wgEncodeBroadHmmGm12878HMM.Heterochrom.bed_overlap	data/H1-ESC_Dixon2015-raw_TADs.bed_overlap
0	5	15228798	15260402	0.36195973080104704	0.0	0.0	0.0	0.0	0.0	0.014238703961523857	0.0	1.0	1.0
0	2	43301895	43306146	0.2374212178615255	0.0	0.0	0.0	0.0	0.0	0.0039990590449306045	0.0	0.9529522465302281	1.0
0	13	53037516	53038864	0.2373156872099868	0.0	0.0	0.0	1.0	1.0	0.0	0.0	0.0	1.0
0	13	21455655	21458145	2.6191618916021295	0.0	0.0	0.0	1.0	1.0	0.0	0.0	0.0	1.0
0	1	85910957	85915409	2.0392537688884986	1.0	0.0	1.0	1.0	1.0	0.028751123090745734	0.0	1.0	1.0
0	16	67565106	67568244	0.30201586186316	1.0	0.0	1.0	1.0	1.0	0.0	0.0	0.0	1.0
0	2	231884087	231885265	0.11540575354582992	0.0	1.0	0.0	0.0	1.0	0.0	0.0	1.0	0.0
0	1	105091218	105092753	0.20375594578756184	0.0	0.0	0.0	0.0	0.0	0.0	0.0	1.0	1.0
0	20	23039635	23055953	0.8279582668912661	0.0	0.0	0.0	0.0	0.0	0.012256403971074886	0.0	0.47297462924377986	1.0
0	2	24547080	24548453	0.19609341926151005	1.0	0.0	1.0	1.0	1.0	0.0	0.0	0.0	1.0
0	22	16940402	16944607	0.11731320062871495	0.0	0.0	0.0	0.0	0.0	0.0	0.0	1.0	1.0
0	10	91743010	91749571	0.44829471670732757	0.0	0.0	0.0	0.0	0.0	0.0	0.0	1.0	1.0
0	8	5742207	5758561	0.24324951819201707	0.0	0.0	0.0	0.0	0.0	0.0	0.0	1.0	1.0
0	17	4232177	4233901	0.8158390716306018	1.0	0.0	0.0	1.0	1.0	0.031322505800464036	0.0	0.0	1.0
0	20	16143040	16151318	0.18038140860523225	0.0	0.0	0.0	0.0	0.0	0.0	0.0	1.0	1.0
0	4	112949390	112995250	0.35767187438076675	0.0	0.0	0.0	0.0	0.0	0.0004797208896641954	0.0	0.9738334060183166	1.0
0	16	48005604	48007214	0.19460585322809515	0.0	0.0	0.0	0.0	0.0	0.0	0.0	1.0	1.0
0	1	182546284	182547847	0.19424035754328878	0.0	1.0	0.0	1.0	1.0	0.0	0.0	0.0	1.0
0	9	36474157	36474999	0.12862177915658776	0.0	0.0	0.0	0.0	0.0	0.0	0.0	0.0	1.0
0	3	14385028	14392225	1.104441528007589	0.0	0.0	0.0	0.0	0.0	0.0	0.0	1.0	1.0
0	11	56384293	56395496	0.4647894763663487	0.0	0.0	0.0	0.0	0.0	0.0	0.0	0.9642952780505222	1.0
0	20	49385027	49387836	1.3428978631932695	0.0	0.0	0.0	0.0	0.0	0.0	0.0	1.0	1.0
0	8	104014161	104014505	1.4821060075489587	0.0	0.0	0.0	0.0	0.0	0.0	0.0	1.0	0.0
0	X	80287951	80295028	0.174830966955847	0.0	0.0	0.0	0.0	0.0	0.0	0.0	1.0	1.0
0	8	135118174	135120085	0.48858244429390696	0.0	0.0	0.0	0.0	0.0	0.0	0.0	1.0	1.0
0	6	55413595	55417911	0.19471446678484336	0.0	0.0	0.0	1.0	1.0	0.0	0.0	1.0	1.0
0	7	146253839	146254815	0.29032180630449267	1.0	0.0	1.0	1.0	1.0	0.0	0.0	1.0	1.0
0	10	91840212	91840808	0.3120648600848629	0.0	0.0	0.0	0.0	0.0	0.0	0.0	1.0	1.0
0	5	26026711	26028832	0.15999436725540467	0.0	0.0	0.0	0.0	0.0	0.0	0.0	1.0	1.0
0	3	28511595	28537146	0.22455101077439785	1.0	1.0	0.0	1.0	1.0	0.0	0.0	0.9843450354193574	1.0
0	19	53096015	53097618	0.15102787173619808	0.0	0.19089207735495944	0.0	0.09794135995009358	0.038053649407361195	0.0	0.0	0.0	1.0
0	2	40764807	40772028	0.6422452923168916	1.0	0.0	1.0	0.0	1.0	0.0	0.0	0.9446060102478882	1.0
0	13	88469260	88472105	0.20934083860478836	0.0	0.0	0.0	0.0	0.0	0.0	0.0	1.0	1.0
0	12	2069969	2071786	0.292396399941363	0.0	0.0	0.0	1.0	1.0	0.0	0.0	0.0	1.0
0	22	50031103	50047669	0.47444719142899716	0.00048291681757817216	0.0	1.0	1.0	1.0	0.0	0.0	0.0	1.0
0	4	113225327	113232187	0.5984820532381708	0.0	0.0	1.0	0.0	1.0	0.0	0.0	0.0	1.0
0	18	10462404	10462659	0.1521926671850915	1.0	0.0	0.0	1.0	1.0	0.0	0.0	1.0	1.0
0	12	133762765	133764199	0.20139540050755486	1.0	0.0	0.0	2.0	2.0	0.0	0.0	0.0	1.0
0	6	139119584	139123672	0.40091025980951267	1.0	0.0	1.0	0.0	1.0	0.0	0.0	1.0	1.0
0	10	61361925	61365001	0.309697019149427	0.0	0.0	0.0	0.0	0.0	0.0	0.0	1.0	1.0
0	16	12105217	12109804	0.2669708722163213	1.0	0.0	0.0	1.0	1.0	0.0	0.0	0.0	0.0
0	14	90829318	90829690	1.1040977371596201	0.0	0.0	0.0	0.0	0.0	0.0	0.0	1.0	1.0
0	3	114488988	114490996	0.14814814211303495	1.0	0.0	1.0	0.0	1.0	0.0	0.0	1.0	1.0
0	10	17407069	17411490	0.1898643234565608	1.0	0.0	0.0	1.0	1.0	0.0	0.0	1.0	1.0
0	2	242017590	242018331	0.07389577539630143	0.0	1.0	0.0	1.0	1.0	0.0	0.0	0.0	1.0
0	4	11880257	11898796	0.26992506918587456	0.0	0.0	0.0	0.0	0.0	0.0	0.0	1.0	1.0
0	11	118607714	118616631	0.9145448269685769	0.0	0.0	0.0	0.0	0.0	0.0	0.0	1.0	1.0
0	8	11642166	11645317	1.517845150592856	0.0	0.34052681688352904	0.0	0.512853062519835	0.41415423675023805	0.0	0.0	0.0	1.0
0	12	132094079	132098818	0.5343983078284665	0.0	0.0	0.0	0.0	0.0	0.0	0.0	1.0	1.0
0	3	155595468	155615602	0.44683630715193784	0.0	0.0	0.0	1.0	1.0	0.008642097943776695	0.0	0.0	0.0
0	4	55074371	55074570	0.6590070667578347	0.0	0.0	0.0	1.0	1.0	0.0	0.0	1.0	1.0
0	12	38084722	38086524	0.09696969558607857	0.0	0.0	0.0	0.0	0.0	0.0	0.0	0.0	1.0
0	3	11956506	11958084	0.6049817363496667	0.0	0.0	0.0	0.0	0.0	0.0	0.0	1.0	1.0
0	1	71718761	71731545	0.24190214382850556	0.0	0.0	0.0	0.0	0.0	0.0	0.0	1.0	1.0
0	2	76557061	76557292	0.22109762253441337	0.0	0.0	0.0	0.0	0.0	0.0	0.0	1.0	1.0
0	8	114197224	114197336	0.5958676863727825	1.0	0.0	0.0	1.0	1.0	0.0	0.0	1.0	1.0
0	2	49487430	49491516	0.5216444343022137	0.0	0.0	0.0	0.0	0.0	0.0022026431718061676	0.0	1.0	1.0
0	3	29558377	29569679	0.36064278731761074	0.0	0.0	0.0	1.0	1.0	0.001769598301185631	0.0	0.9823040169881437	1.0
0	15	23177653	23183042	0.10450700484527288	0.0	0.0	0.0	0.0	0.0	0.0	0.0	1.0	1.0
0	7	36953181	36953317	0.5808889692758813	0.0	1.0	0.0	1.0	1.0	0.0	0.0	0.0	1.0
0	X	32298048	32298151	0.09794999659061432	1.0	1.0	1.0	1.0	1.0	0.0	0.0	1.0	1.0
0	2	9534364	9537967	0.22007432858951548	0.0	0.0	0.0	1.0	1.0	0.0	0.0	0.3288925895087427	1.0
0	4	119322762	119322885	0.948403638552844	0.0	0.0	0.0	0.0	0.0	0.0	0.0	1.0	0.0
0	3	8718398	8720102	0.4947972660053504	1.0	0.0	1.0	0.0	1.0	0.0	0.0	1.0	1.0
0	4	80274238	80274462	1.7338620119595103	0.0	0.0	0.0	0.0	0.0	2.34375	0.0	0.0	1.0
0	5	109664943	109665189	0.18874942693798766	0.0	0.0	0.0	0.0	0.0	0.0	0.0	1.0	1.0
0	11	25245552	25255963	0.16172105711282314	0.0	0.0	0.0	0.0	0.0	0.0	0.0	1.0	1.0
0	17	20951047	20960427	1.1827808462925302	0.0	0.0	0.0	0.0	0.0	0.0	0.0	0.3583155650319829	0.0
0	22	44564941	44566024	0.5766261126966468	0.0	1.0	0.0	0.0	0.0	0.0	0.0	0.0	1.0
0	15	61285472	61290849	0.4668823933543737	1.0	0.0	1.0	1.0	1.0	0.0	0.0	1.0	1.0
0	10	65650476	65651275	0.1558209393075545	0.0	0.0	0.0	0.0	0.0	0.0	0.0	1.0	1.0
0	13	32477801	32494960	0.5861875310881487	0.0	0.0	0.0	0.0	0.0	0.0	0.0	0.664316102336966	1.0
0	10	71085697	71086857	1.070009264683929	0.0	0.0	0.0	1.0	1.0	0.0	0.0	0.0	1.0
0	16	78171653	78172364	0.4095671452403739	0.0	1.0	0.0	1.0	1.0	0.0	0.0	0.0	1.0
0	14	105417077	105419864	0.18138451029482733	0.0	0.0	0.0	1.0	0.0	0.0	0.0	1.0	1.0
0	10	17094418	17101654	0.22332452322449586	1.0	1.0	0.0	1.0	1.0	0.0	0.0	1.0	1.0
0	4	79391949	79392640	0.10348642696983648	0.0	1.0	0.0	1.0	1.0	0.0	0.0	1.0	1.0
0	14	33755626	33758798	0.4158679909656508	1.0	0.0	0.0	1.0	1.0	0.0	0.0	1.0	1.0
0	1	165469847	165474096	0.25904056202259923	0.0	0.0	0.0	0.0	0.0	0.03859731701576841	0.0	1.0	1.0
0	1	155509462	155520806	0.4919526487515322	0.0	0.0	1.0	0.0	1.0	0.013222849083215797	0.0	0.0	1.0
0	11	49918694	49918894	0.0974572472460568	0.0	0.0	0.0	0.0	0.0	0.0	0.0	1.0	1.0
0	10	86119391	86120022	0.7423529488207232	1.0	0.0	1.0	0.0	1.0	0.0	0.0	0.0	1.0
0	4	70959706	71082055	0.22803732088301418	0.034360722196339975	0.03868441916157876	0.01919100278710901	0.11331518851809169	0.14823987118815846	0.005304497789111476	0.0	0.9967306639204243	1.0
0	4	185767127	185769126	0.288798196754675	0.0	0.0	0.0	0.0	0.0	0.0	0.0	0.0	1.0
0	20	49662112	49676182	0.23677741733525948	0.0	0.0	0.0	0.0	0.0	0.0015636105188343995	0.0	1.0	1.0
0	3	192901787	192904956	0.15014891650406634	0.0	0.0	0.0	0.0	0.0	0.0	0.0	1.0	1.0
0	12	102275878	102277121	0.35554248657997634	1.0	0.0	0.0	1.0	1.0	0.0	0.0	0.0	1.0
0	3	59022828	59052536	0.3974659671224237	0.44371886360576274	0.0	0.4369866702571698	0.4217382523226067	0.43193752524572504	0.0	0.0	0.8990170997711054	1.0
0	10	6976973	6987503	0.6727419120690309	0.0	0.0	0.0	0.0	0.0	0.0	0.0	1.0	1.0
0	7	125558483	125598974	0.35650441353918316	0.0	0.0	0.0	0.0	0.0	0.001012570694722284	0.0	1.0	1.0
0	16	77523358	77683773	0.37079082633983584	0.0	0.0	0.0	0.0	0.0	0.003833806065517564	0.0	0.9912726365988218	0.7506467599663373
0	1	153831851	153841494	0.6480174191782092	0.0	0.0	1.0	0.0	1.0	0.0	0.0	0.0	1.0
0	11	4807560	4911702	0.27366321124394716	1.0714985308521057	0.0007873864531120969	1.0013539206084001	0.04954773290315147	1.0	0.0028614775978951816	0.0	0.9980795452363119	1.0
0	6	140791908	140793825	0.12263306336410355	0.0	0.0	0.0	0.0	0.0	0.0	0.0	1.0	1.0
0	12	97811612	97816575	0.3053262921415364	0.0	0.0	0.0	0.0	0.0	0.0	0.0	1.0	1.0
0	22	38955892	38964805	0.4073459475272889	0.4522607427353304	0.0	0.06103444407045888	0.9389655559295411	1.0	0.0	0.0	1.0	1.0
0	1	17868275	17869946	1.763404339748111	1.0	0.0	1.0	0.0	1.0	0.0	0.0	1.0	1.0
0	10	25115483	25121163	0.1668091054297459	0.0	0.0	0.0	0.0	0.0	0.0	0.0	0.9452464788732394	1.0
0	12	30348844	30349948	0.562625206682993	0.0	0.0	0.0	0.0	0.0	0.0	0.0	1.0	1.0
0	10	54998746	55088863	0.33197691647353517	0.0	0.0	0.0	0.0	0.0	0.0	0.0	1.0	1.0
0	3	88565701	88566529	0.2413631339719438	0.0	0.0	0.0	0.0	0.0	0.0	0.0	1.0	1.0
0	11	99732616	99735785	0.31522489582685387	0.0	0.0	0.0	1.0	1.0	0.0	0.0	1.0	1.0
0	19	13626197	13628702	1.1829204300682463	1.0	1.0	1.0	1.0	1.0	0.0	0.0	1.0	1.0
0	12	60745707	60757087	0.19767522659080727	0.0	0.0	0.0	0.0	0.0	0.0	0.0	1.0	1.0
0	1	121141175	121170321	0.3067359349446315	0.0	0.0	0.0	0.0	0.0	0.0015782611679132643	0.0	1.0	1.0
0	9	82475488	82475832	0.04932011714507013	0.0	0.0	0.0	0.0	0.0	0.0	0.0	1.0	1.0
0	7	41132962	41133419	0.12190095944986301	0.0	0.0	0.0	0.0	0.0	0.0	0.0	1.0	1.0
0	8	9479186	9484496	0.32834174729560955	1.0	1.0	0.0	1.0	1.0	0.0	0.0	0.0	1.0
0	14	48407561	48408840	0.4058755027120052	0.0	0.0	0.0	0.0	0.0	0.0	0.0	1.0	1.0
0	15	51119982	51125407	0.4116241254757077	0.0	0.0	0.0	0.0	0.0	0.0	0.0	1.0	1.0
0	17	27389313	27393469	1.8555324859522764	0.0	0.0	0.0	0.0	0.0	0.004571703561116458	0.0	1.0	1.0
0	2	152243679	152257745	0.23313277721358416	0.0	0.0	0.0	0.0	0.0	0.010664012512441349	0.0	0.9715626333001564	1.0
0	19	57508485	57509952	0.19321629826560993	0.0	0.0	0.0	0.0	0.0	0.0	0.0	1.0	1.0
0	13	68397289	68397946	0.3568619107274704	0.0	0.0	0.0	0.0	0.0	0.0	0.0	1.0	1.0
0	5	146485307	146487201	0.2889474616666278	0.0	0.0	0.0	0.0	0.0	0.0	0.0	1.0	1.0
0	X	98785810	98787896	0.13456146091879956	0.0	0.0	0.0	0.0	0.0	0.0	0.0	1.0	1.0
0	2	47138761	47140746	0.34054224167948105	1.0	0.0	1.0	1.0	1.0	0.0	0.0	0.0	1.0
0	20	52240637	52241370	2.05166793398122	0.0	0.0	0.0	0.0	0.0	0.09004092769440655	0.0	0.0	1.0
0	16	74224413	74225883	0.2569694981131018	0.0	0.0	0.0	0.0	0.0	0.0	0.0	1.0	1.0
0	1	203790503	203793507	0.207149560514902	0.0	0.0	0.0	1.0	1.0	0.0	0.0	0.0	1.0
0	8	51992875	51995707	0.19352307925158638	0.0	0.0	0.0	0.0	0.0	0.0	0.0	1.0	1.0
0	17	2533554	2534210	0.8298782378480565	1.0	0.0	1.0	0.0	1.0	0.0	0.0	0.0	1.0
0	10	102288069	102291404	1.1653917615202771	1.5205397301349326	0.0	1.282758620689655	0.46146926536731636	0.8992503748125937	0.006596701649175412	0.0	0.0	1.0
0	3	194398762	194400296	0.253829470164151	0.0	0.0	0.0	0.0	0.0	0.0	0.0	0.0	1.0
0	11	101444635	101445461	0.34702371195698334	0.0	0.0	0.0	1.0	1.0	0.0	0.0	1.0	1.0
0	17	4468512	4470067	0.8310767143102321	0.3864951768488746	0.0	0.0	0.0	0.0	0.0	0.0	0.0	1.0
0	2	5593658	5604746	0.706094120359008	0.0	0.0	0.0	0.0	0.0	0.0	0.0	1.0	1.0
0	1	225745284	225748699	0.26382972205365907	0.0	0.0	0.0	1.0	1.0	0.0	0.0	1.0	1.0
0	3	185857384	185859055	0.1365051912929682	0.0	0.0	0.0	0.0	0.0	0.0	0.0	1.0	1.0
0	16	9961956	9966584	0.3194106235366086	0.0	0.0	0.0	1.0	1.0	0.0	0.0	1.0	1.0
0	2	111883196	111886130	0.27320568809754275	0.9253578732106339	0.0	0.0	1.0	1.0	0.0	0.0	0.0	1.0
0	5	17651003	17796720	0.25846789526606595	0.0	0.0	0.0	0.0	0.0	0.0019489833032521942	0.0	0.9690152830486491	1.0
0	9	8152608	8152712	0.23227537910525614	0.0	0.0	0.0	0.0	0.0	0.0	0.0	1.0	1.0
0	17	80407483	80408431	2.266695157817333	1.0	0.0	1.0	0.0	1.0	0.0	0.0	0.0	1.0
0	1	19647187	19648342	0.1973596838129547	1.0	0.0	0.0	1.0	1.0	0.0	0.0	0.0	1.0
0	11	12091682	12096715	0.11938841371230238	0.0	0.0	0.0	0.0	0.0	0.00854361215974568	0.0	1.0	1.0
0	7	56493670	56496850	0.14415534298468685	0.0	0.0	0.0	0.0	0.0	0.0	0.0	1.0	1.0
0	2	95706333	95707429	0.25602468942040507	0.0	0.0	0.0	1.0	1.0	0.0	0.0	0.0	1.0
0	6	19685573	19686511	0.19227128022207396	0.0	0.0	0.0	0.0	0.0	0.0	0.0	1.0	1.0
0	12	10995065	10995658	0.5698135858668646	0.0	0.0	0.0	0.0	0.0	0.0	0.0	1.0	1.0
0	1	238840119	238883317	0.2165174858934449	0.0	0.0	0.0	0.0	0.0	0.006944765961387101	0.0	1.0	1.0
0	2	40642778	40655158	0.22260473150043764	0.0	0.0	0.0	1.0	1.0	0.012116316639741519	0.0	1.0	1.0
0	2	59331918	59342511	0.22491723287491558	0.0	0.0	0.0	0.0	0.0	0.0	0.0	1.0	1.0
0	2	67319127	67334496	0.21165162492542247	0.0	0.0	0.0	0.0	0.0	0.0	0.0	1.0	1.0
0	11	12543450	12545178	0.49860136535156657	0.0	1.0	0.0	1.0	1.0	0.0	0.0	1.0	1.0
0	1	157540655	157540871	0.021711481102253554	0.0	0.0	0.0	0.0	0.0	0.0	0.0	1.0	1.0
0	2	163934121	163935798	1.1257431582638247	0.0	0.0	0.0	0.0	0.0	0.0	0.0	1.0	1.0
0	17	2693697	2696732	0.6082824510934914	1.0	0.0	1.0	0.0	1.0	0.0	0.0	0.11630971993410213	1.0
0	2	149960423	149970626	0.18857922636269706	1.0	0.0	1.0	0.0	1.0	0.0	0.0	0.9803979221797511	1.0
0	4	127519528	127569887	0.25934078258910037	0.0	0.0	0.0	0.0	0.0	0.0031771877916559107	0.0	1.0	0.9906272960146151
0	21	30560381	30561536	0.2705745053497744	0.0	0.0	0.0	0.0	0.0	0.0	0.0	1.0	1.0
0	18	20054141	20067271	0.23918541705935217	0.0	0.0	0.0	0.0	0.0	0.0006092916984006092	0.0	1.0	1.0
0	12	104597022	104644702	0.4751735881846023	0.7750629194630873	0.0	0.7371224832214766	0.7366191275167785	0.7347105704697987	0.010822147651006711	0.0	0.8112416107382551	1.0
0	1	21437150	21443545	0.3326557821552673	1.0	0.0	1.0	0.0	1.0	0.0	0.0	0.0	1.0
0	13	73847728	73857221	0.27636564084642945	0.0	0.0	0.0	0.0	0.0	0.0024228378805435584	0.0	1.0	1.0
0	13	55970790	56035083	0.41165931902090774	0.0	0.0	0.0	0.0	0.0	0.0	0.0	1.0	0.0
0	2	58688824	58691324	0.21151066417694092	0.0	0.0	0.0	0.0	0.0	0.0	0.0	1.0	1.0
0	3	7905946	7906150	0.15963333021557213	0.0	0.0	0.0	0.0	0.0	0.0	0.0	1.0	1.0
0	4	64091087	64091241	0.023016104329522554	0.0	0.0	0.0	0.0	0.0	0.0	0.0	1.0	1.0
0	8	92665401	92665595	0.11155886356670831	0.0	0.0	0.0	0.0	0.0	0.0	0.0	1.0	1.0
0	3	186094727	186096799	0.3347700156242691	0.0	0.0	0.0	0.0	0.0	0.0	0.0	1.0	1.0
0	2	46705265	46706907	0.30972719998592363	1.0	0.0	0.0	0.11144945188794153	0.040194884287454324	0.0	0.0	1.0	1.0
0	11	40774804	40796039	0.1829321019055003	1.0	0.0	1.0	0.0	1.0	0.0	0.0	1.0	1.0
0	6	7984382	7987235	0.31206191992116233	1.0	0.0	0.0	1.0	1.0	0.0	0.0	1.0	1.0
0	4	152161353	152163154	0.33988688610647205	0.0	0.0	0.0	0.0	0.0	0.0	0.0	1.0	1.0
0	13	28669631	28670811	0.22139153088427196	0.0	0.0	0.0	1.0	1.0	0.0	0.0	1.0	1.0
0	3	155037216	155052753	0.37465002859483515	0.0	0.0	0.0	0.0	0.0	0.006436248954109545	0.0	0.8939949797258158	0.17918517088240973
0	8	3518052	3519166	1.553366255075328	1.0	0.0	0.0	1.0	1.0	0.0	0.0	0.874326750448833	1.0
0	14	46425917	46698338	0.2228189265021373	0.0	0.0	0.0	0.0	0.0	0.000594667811952823	0.0	0.9911901064895878	1.0
0	1	154157587	154161373	1.801660854367434	1.0	0.0	1.0	1.0	1.0	0.059429477020602216	0.0	0.2612255678816693	0.0
0	3	93954860	93958526	0.09548376615230854	0.0	0.0	0.0	0.0	0.0	0.0	0.0	1.0	1.0
0	18	35825519	35838194	0.4998356365405126	0.0	0.0	0.0	0.0	0.0	0.0	0.0	1.0	1.0
0	18	33585202	33589205	0.21125981233252783	1.0	1.0	0.0	1.0	1.0	0.0	0.0	1.0	1.0
0	1	228846837	228855752	0.18224526795355445	0.0	0.0	0.0	0.0	0.0	0.0	0.0	1.0	1.0
0	6	136569528	136570778	0.6185538921356201	1.0	0.0	0.4328	0.5672	1.0	0.0	0.0	0.0	0.0
0	17	48844118	48844503	0.16693672871628365	0.0	0.0	0.0	0.0	0.0	0.0	0.0	0.0	1.0
0	X	148803850	148831837	0.135707097918761	0.0	0.0	0.0	0.0	0.0	0.0	0.0	0.9808125200986172	0.0
0	11	132566389	132575348	0.37408010468497344	0.0	0.0	0.0	1.0	1.0	0.0	0.0	1.0	1.0
0	8	134359568	134360174	0.09520727830321186	0.0	0.0	0.0	0.0	0.0	0.0	0.0	1.0	1.0
0	8	6643191	6655048	0.22684888272379164	0.0	0.0	0.0	0.0	0.0	0.0	0.0	0.9832166652610272	1.0
0	5	116755975	116756544	0.253845446008161	0.0	0.0	0.0	0.0	0.0	0.0	0.0	1.0	0.0
0	14	75039323	75042689	1.1419839965078848	1.0	0.0	0.0	1.0	1.0	0.0	0.0	0.88116458704694	0.0
0	21	35696523	35696643	0.010937083535827697	0.0	0.0	0.0	0.0	0.0	0.0	0.0	1.0	1.0
0	12	75025512	75028885	0.13752968287718886	0.0	0.0	0.0	0.0	0.0	0.0	0.0	1.0	0.0
0	12	121535791	121542362	0.21497680101809555	0.0	0.0	0.0	0.0	0.0	0.0	0.0	1.0	1.0
0	1	48352571	48353250	0.48281703761536	0.0	0.0	0.0	1.0	1.0	0.0	0.0	1.0	1.0
0	9	28507830	28644878	0.2631445991588738	1.0	0.0	1.0	0.0	1.0	0.003283521102095616	0.0	0.9985406572879575	1.0
0	16	74138685	74140754	0.592971323364999	0.0	0.0	0.0	0.0	0.0	0.0	0.0	1.0	1.0
0	1	234086934	234087823	0.09367523176639568	1.0	0.0	1.0	1.0	1.0	0.0	0.0	1.0	1.0
0	14	70787842	70789134	0.17294712862916775	0.0	0.0	0.0	0.0	0.0	0.0	0.0	0.0	1.0
0	9	9898128	9919575	0.3340451285981596	1.0	0.0	1.0	0.0	1.0	0.0	0.0	1.0	1.0
0	1	222374169	222380531	0.15335783913511408	0.0	0.0	0.0	0.0	0.0	0.0	0.0	1.0	1.0
0	5	161585512	161585660	0.41675194896556234	0.0	0.0	0.0	0.0	0.0	0.0	0.0	1.0	1.0
0	12	80442260	80442515	0.3671487437743767	0.0	0.0	0.0	0.0	0.0	0.0	0.0	1.0	1.0
0	X	93487027	93488017	0.18403209648424326	0.0	0.0	0.0	0.0	0.0	0.0	0.0	1.0	1.0
0	4	71799331	71800240	0.4029715421626998	0.0	0.0	1.0	1.0	1.0	0.0	0.0	0.0	1.0
0	7	109452956	109463483	0.21891452698351097	0.0	0.0	0.0	0.0	0.0	0.0	0.0	1.0	1.0
0	8	62850069	62861079	0.5179069376866131	0.0	0.0	0.0	0.0	0.0	0.0	0.0	1.0	1.0
0	X	66483120	66484333	0.23747739313755364	0.0	0.0	0.0	0.0	0.0	0.0	0.0	1.0	1.0
0	2	57549190	57553493	0.12907920616076987	0.0	0.0	0.0	0.0	0.0	0.0	0.0	1.0	1.0
